text,racism,sexism,xenophobia,lgbtqphobia,religious_intolerance
">americas lotado de caboclas gostosas partindo das p√°lidas at√© as mais escuras estilo pocahontas>das mais qt's at√© as mais cavalas >floquinho de neve quer porque quer se enfiar em uma reserva cheia de √≠ndio armado ca√ßando ele com hilux pra sujar a gen√©tica de um povo que descende apenas de 70 pessoas e tem separa√ß√£o do resto da humanidade de mais de 24k de anos√© muita s√≠ndrome de floquinho de neve, puta merda.",False,True,True,False,False
"USER pode achar seu principe encantado,mas sempre vai acabar: Gorda,feia,virgem,cheia de poster de crep√∫sculo a parede!!",False,True,False,False,False
O povo burro √© esse do Brasil!!! Inv√©s de ficar perdendo tempo discutindo quem t√° certo ou errado t√≠nhamos que focar na pandemia!!! Esse povo da ESQUERDA E DIREITA n√£o entende que esse n√£o √© momento pra ficar brigando e fazendo manifesta√ß√µes !! Depois pega a merda do v√≠rus vai dar trabalho pra um pai ou m√£e que n√£o pode ir pra casa direito pois tem que ficar trabalhando dobrado em hospitais!! Vamos respeitar a quarentena!!parem de comer capim um pouco!!,False,False,True,False,False
"USER √© rom√¢ntico pra poha USER USER com o mendigo. Uma pele macia, quente, uma voz doce e envolvente. Caray o maluco √© USER USER",False,True,False,False,False
"Uma palha√ßada isUSER, USER no brasil existe isUSER... como pode alguem que pato os pais ou os filhos poder sair no dia dos pais! Quanta hipocrisia viu.",False,False,True,False,False
"USER USER mas eu n√£o falei dele, falo dos doentes USERue saem de casa p apoiar presidente, tem USER lembrar USER √± tem USER babar ovo de presidente, ja USER ele √© USERue tem USER ser funcion√°rio da na√ß√£o",False,False,True,False,False
USER to louca p ver ele em pachinko por isso vi q o personagem eh meio canalha ne veremos,False,True,False,False,False
esse nate merece mil tiros no meio do cu dele fdp fdp fdpppp,False,True,False,False,False
J√Å USER USER USER USER! N√ÉO TEM UM NEGROOOOOO!!!!! USER,True,False,False,False,False
"USER Isso mesmo. Chamem negros de neguim, mandem todos tomar no cu, digam que s√≥ tem puta, e n√£o esque√ßam de falar das mocreias. Ah e tem que chamar todo mundo de analfabeto funcional com toxoplasmose. A n√£o ser os que acreditam em terra plana e pezao.",True,True,False,True,False
"USER n√£o entendo , pq USER USER fica com medo dela ? USER tem homem nessa porra n√£o .......",False,True,False,False,False
Homem √© um bicho estranho ao mesmo tmp rid√≠culo ü§£,False,True,False,False,False
USER USER lament√°vel acredita que existe pessoas que ap√≥ia o LGBT,False,False,False,True,False
"USER USER Kakakakakak esse povo no Br s√≥ escuta sertanojo, bregafunk e todas essas porcarias, por isso nao conhece musica de verdade.",False,False,True,False,False
"pois √©,decaiu depois de sofrer uma lavagem cerebral das feministas",False,True,False,False,False
Como explicar pras crian√ßas USER √© lgbt? Que porra √© essa bk?,False,False,False,True,False
E o bonde da Chatuba neguinho .. Beira mar falo ossama so eu o selcinho choro ue se fudeu .. e o barato e louco e o processo e lento liberdade pros ja pros irm√£o do sofrimento üí™üèæüôèüèΩü•ãü•ãüêªüêªüö©üö©üîêüîíüôåüèæ HASHTAG,True,False,False,False,False
"USER citam eles como exemplo de vida n√©... de pa√≠s desenvolvido. meu cu po s√£o ricos e nada mais. e pago pau nos esportes pra eles, s√≥",False,False,True,False,False
"Inacredit√°vel que as pessoas aqui nos coment√°rios vejam o cara expor a mulher dizendo em detalhes pornogr√°ficos o que ele fez com ela e ainda insistam nessa balela que o cara ""respeita as mulheres"". O cara que fez gestos obscenos para uma menor (a filha da mulher em quest√£o)! O povo brasileiro nasceu para ser feito de idiota, n√£o √© poss√≠vel!",False,True,True,False,False
Caramba que hist√≥ria louca,False,True,False,False,False
"Kkkkkkkkkkkkkkkk, malandro demais. A mulher quis d√°, ele n√£o tem culpa. O corno bravo do marido que fica insistindo que foi estupro.",False,True,False,False,False
"A MULHER COM DIGUINIDADE E TER UM BOM CARATER, NA√ï VOTA NO CANALHA MULHERES VAGABUNDA E SEM VERGONHA VOTA NELE. URL",False,True,False,False,False
"00h USER USER USER USER USER fazendo essa parada de baitola pra dizer uma coisa importante voc√™s s√£o viados, boa noite rapaziada",False,False,False,True,False
da s√©rie ningu√©m respeita vers√£o: os argentinos üòÇüòÇüòÇüòÇüòÇüòÇüòÇüòÇüòÇüòÇüòÇüòÇüòÇ,False,False,True,False,False
voc√™s s√£o umas otarias da merda! n√£o ligam um caralho ao Porto b mas quando o Porto diz que alguma coisa do Porto b √© de gra√ßa voc√™s at√© correm feitas cadelas! nojo de voc√™s.,False,True,False,False,False
"por dinheiro nego se traiu, ficou feioü§Æ",True,False,False,False,False
"De acordo com USER , 99% (!!!) dos afeg√£os s√£o a FAVOR da Sharia, a absurda lei isl√¢mica! Mas o malvad√£o √© _ URL",False,False,True,False,False
"RT USER: Oscars CANCELS films that don't have enough black, gay and disabled actors URL",True,False,False,False,False
"Meu deus o cara USER ri como se nada tivesse acontecido, como se tivesse matado um c√£o, essa hora a filha esta no cemit√©rio e eles ai USERrrindo isUSER √© a certeza da impunidade desse pais nojente, tenho USER desse brasil USER.",False,False,True,False,False
"USER USER Eu defendo os gays em sites evang√©licos, mas quem tem que ensinar tudo s√£o os pais.Boa jogada do BK, copiou do Botic√°rio üòÇüòÇüòÇ Respeito os gays,convivi com um,bem que esse gostava de ser bancado por um senhor,n√£o queria trabalhar, e vivia dando chifre no senhor que o bancava. Mas ele come√ßou a ser ap√≥s ser violentado, tinha jeito de homem, e dizia querer mudar. Mas n√£o se empenhava. Existem casos que se tornaram gays por estupro.",False,False,False,True,False
USER Torcendo para os atletas oportunistas trans dominarem todos os esportes femininos! Quero ver o bug na cabe√ßa das feminazis e ver se as atletas se rebelam contra esse absurdo!,False,True,False,False,False
"Tem que desenhar pra voc√™ entender? E outra, USER acha que √© s√≥ beleza que a mulher tem que ter pro cara se interessar (Ele mesmo fala sobre isso quando fala dela)? Voc√™ n√£o sabe separar as coisas, ele est√° falando da personagem da Saga e n√£o da USER USER. A atriz faz uma personagem idiota, agora a propria USER, n√£o a conhecemos... E √© claro que se atriz quisesse ficar com o cara, ele ficaria. Como muitas, quando n√£o tem agradam, vc USER o cara de gay por n√£o ter nada a dizer.",False,False,False,True,False
"USER s√≥ pode ser hetero, e aprender a respeitar hetero, claro. defende que teve uma cria√ß√£o conservadora e pede respeito pelo direito de discriminar, oprimir e ofender, mas quando v√™ crian√ßas sendo ensinadas a respeitar os outros acham isso um absurdo. A estupidez desse povo n√£o tem limite.",False,False,False,True,False
"Povo ignorante bota um sujeito assim pra fazer fazer e votar lei, depois reclama que a lei n√£o presta. URL",False,False,True,False,False
USER Pra mim tinha que cortar tudo t√° esses parasitas Andr√©! Aqui pra n√≥s..oh mulher estranha parece uma sapa!,False,True,False,False,False
"Essa menina s√≥ fala merda .. enganar gente burra √© f√°cil, basta falar bonitinho mas sem conte√∫do nenhum. Boa USER... Voc√™ n√£o tem o estudo que ela tem mas enxerga melhor a realidade do que essa hip√≥crita",False,True,False,False,False
üêµüôàüôâüôä= coisa de gayzao,False,False,False,True,False
"Nunca vi alem√£o pedir nazismo de volta, nem USER fascismo, nem USER fascismo de Pinochet, nem USER fascismo de Franco. √â s√≥ brasileiro USER pede ditadura. Pa√≠s merdinha, viu",False,False,True,False,False
USER USER Una vez que no es feminazi y la tratas as√≠ (?),False,True,False,False,False
"USER acho que USER de ser hetero gay ou USER mais oque, crian√ßas nao precisam ser expostas a esse tipo de assunto, porque de novo, s√£o CRIAN√áAS",False,False,False,True,False
"USER USER USER USER USER Bunda mole, tu deixou teu time jogar 5 vezes a s√©rie B kkkk, torcida mais frouxa e covarde que existe. Tirou o pau do Flamengo da boca j√°? Atomozinho penta s√©rie B",False,True,False,False,False
Brasil sendo ridicularizado internacionalmente. Outros pa√≠ses mais desenvolvidos fazem chacota com essas posi√ß√µes fan√°ticas.,False,False,True,False,False
Agora que esses corno posta no Play USER eles deixaram a c√¢mera no quarto sfd,False,True,False,False,False
USER Eu apoio tu ir em mais dois treinos e bater boca com essas arrombada,False,True,False,False,False
"O corno pega um cara ""comendo"" a mulher dele dentro do carro e tem que ter Deus no cora√ß√£o e paci√™ncia? kkkkkkkkkkkkkkkkkkkkkkkkkk Ou a mulher √© uma esquizofrenica (como dizem em algumas mat√©rias) e precisa de tratamento ou ela √© uma tremenda de uma Vadia.",False,True,False,False,False
USER USER La violencia feminazi!!! URL,False,True,False,False,False
USER eu acho que sou homof√≥bico pois eu n√£o apoio em nada essa propaganda com as crian√ßas!üáßüá∑üáßüá∑üáßüá∑üáßüá∑üáßüá∑üáßüá∑,False,False,False,True,False
Eu quero morrer. N√£o aguento mais ser brasileiro. E olha q eu n√£o sou nem de longe eleitor dele.,False,False,True,False,False
USER gayzao credo,False,False,False,True,False
"mulher quando fica gr√°vida fica burra!quando come√ßa o n√≠vel de burrice e eu pergunto se √© gestante, se a respsta √© 'sim' eu ate ja entendo!",False,True,False,False,False
USER pa√≠s das piadas.,False,False,True,False,False
"Eu estou insatisfeito com essas pessoas que est√£o reclamando da propagando do O Botic√°rio. Ser√° que voc√™s preconceituoso s√£o t√£o f√°ceis de influenciar como dizem?? Aos protestantes evang√©licos e conservadoristas a lei mais importante que USER nos ensinou foi Amar uns aos outros, e pelo que vejo muitos n√£o seguem esse caminho. Qualquer forma de amor √© v√°lida, n√£o importa sua ra√ßa, cren√ßa, condi√ß√£o sexual, idade e etc. N√£o √© por eu ser gay que USER n√£o me ame e que vou para o inferno ou que irei ou iremos influenciar pessoas para serem homossexuais. Primeiro que se nasce gay e n√£o optamos. E segundo parem com esse preconceito tonto e v√£o fazer algo √∫til pra vida med√≠ocre que alguns possuem. Queria parabenizar o O Botic√°rio pela iniciativa de mostrar que fam√≠lia tradiconal n√£o se constitui apenas de um homem e uma mulher e sim de amor. Obrigado por representar essa minoria que grita por ajuda.",False,False,False,True,False
"USER N√£o tem conserto, somos cafonas, atrasados e ignorantes, e ainda temos escolas militares, tamos fodidos.",False,False,True,False,False
"USER USER sim, a mulher quem sai como a doida da hist√≥ria, sempre...",False,True,False,False,False
Povo frescurento do krl... mulher acordou normal dps vai dar crise dizendo q teve pesadelo,False,True,True,False,False
O que mais me deixa puto n√£o √© s√≥ a merda que o USER falou mas tamb√©m passarem pano para o Kim USER que defendeu o Nazismo. S√≥ pq o USER n√£o tem imunidade parlamentar. Mas tem gente no Parlamento fez muito menos e mesmo assim foi preso tendo sua imunidade desrespeitadas.,False,True,False,True,False
"Falo tudo! Exelente, por mais que tenha demorado 10 hrs pra fazer que nem a(o) inutil falo ali em baixo (sabe deus se √© mulher ou homem hoje em dia..) com certeza vlw super apena pra abrir os olhos desse bando de putinhas virgens q est√£o loucas pra dar a bunda esperando o fdp do principe vir com uma cal√ßa vermelha e um oculos sem lente pra escutar MUITA USER USERnora! -.- whatever, USER queria agradecer. Fa√ßa muitos muitos videos e tenha sucesUSER pra falar abertamente suas ideias, o mundo precisa.",False,True,False,False,False
Concordo com vc na minha fam√≠lia tamb√©m ensinarei assim homem com mulher no caminho crist√£o fora disso √© fornica√ß√£o aos olhos de DEUS,False,False,False,True,False
Vou confessar que ver f√£ de BBB putinho por causa da Doarda fez minha noite um pouco mais feliz,False,False,False,True,False
USER USER Parece marica ...deje de amenazar y si va a hacer ...haga las huevonadas...estos hijueputas uribistas creen que uno les va a comer de calle,False,False,False,True,False
USER maior tara em palha√ßo esse povo em,False,False,True,False,False
O USER de Jesus tem poder!!!! o mundo est√° acabando com a mente das crian√ßas inocentes!!! V√£o todos pro inferno ai ai no dia do Senhor!! Deus vai cobrar desses a inoc√™ncia dessas crian√ßas!!,False,False,False,True,False
"O USER USER fez USERada de mais, e essa tempestade em copo d'agua s√≥ prova como a sociedade BR √© HIP√ìCRITA, USER E USER. seus USER",False,False,True,False,False
"USER uma negro pode reproduzir um comportamento racista mas n√£o ser de fato, ele pode ser racista referente a outras ra√ßas como asiaticos por exemplo",True,False,False,False,False
"vou come√ßar a andar de burca ai essas coisas n√£o acontecem, ou sim j√° que homem √© um ser desgra√ßado",False,True,False,False,False
USER amo seus videos Fodam-se keim num gosta,False,False,False,True,False
Se fosse em pais √°rabe ou mul√ßumano iriam explodir a sede dessa phora e catar os bandidinhus por tr√°s desde ag√™ncia at√© veio do dono,False,False,True,False,False
"E essa anta hip√≥crita tem n√£o sei quantos seguidores ainda,o povo que gosta de idolotrar gente idiota sem nenhum conte√∫do",False,False,True,False,False
USER gay for me?,False,False,False,True,False
"Vivemos em uma ditadura gayzista. Se voc√™ ousar discordar deles, √© taxado de homof√≥bico. Querem fazer lavagem cerebral nas crian√ßas, para que elas cres√ßam achando que o errado √© certo.",False,False,False,True,False
"Voc√™ apoia um cara que t√° gerando essas multid√µes em meio a uma pandemia?? Voc√™ apoia um cara que fala ""E da√≠"" pra as mortes no Brasil? Por essas coisas pode dar vergonha de ser brasileiro.",False,False,True,False,False
"pa√≠s do caos, pa√≠s da vergonha...povo ridiculo",False,False,True,False,False
"USER 5 DIAS ATR√ÅS, SE FAZ EGO SEARCH N√â INDIO BAITOLA?",False,False,False,True,False
USER melhor que voc√™ pessoal n√£o tem vergonha de defender empresa se ser gay se torna se crime no Brasil USER n√£o dar a m√≠nima o negocio dele s√≥ o marketing que foi um tiro no p√©,False,False,False,True,False
"isso an√£o, case sim. mesmo com as atuais leis de divorcio sempre ferrando a vida dos homens e com a dep√≥sito de porra moderna sendo uma completa rosbife parasita, pode ir casar.o que poderia dar errado, n√£o √© mesmo?",False,True,False,False,False
Forest Gump √© bom demais viado,False,False,False,True,False
ainda agora eu vi um mont de gay fazendo campanha na Internet engra√ßado que os hetero n√£o precisam disso,False,False,False,True,False
"Contador de hist√≥ria... e o povo se sensibilizando nos coment√°rios, mas voc√™s s√£o inocentes mesmo n√©, que povinho manipulavel kkkkkk",False,False,True,False,False
"Se √© contra os gays, jogue seu computador fora, pois ele foi criado por um gay. USER imediatamente de todas as redes sociais, pois a maioria s√£o publicamente a favor dos gays, inclusive o Facebook e o USER, s√£o as que mais participam de protestos e campanhas do g√™nero. Se o seu pastor n√£o te falou sobre isso, pesquise voc√™ mesmo, alienado, use o c√©rebro! Voc√™s est√£o no lugar errado, lugar de falar de deus √© na igreja e n√£o na USER ;) USER √© lugar de gente evolu√≠da, que sabe o significado de amar. Se pra voc√™ amar tem padr√µes, voc√™ j√° ama errado!",False,False,False,True,False
"hahahahaha gente adorei ahahahahah, s√≥ quem gosta s√£o os meninos que querem ser menininhas ahahah CONCORDO, col√≠rios capricho e bandaas coloridas haahha, gente ameiii kkkk, s√≥ via gente pelando a porra do saco desse filme que √© rid√≠culo ai aparece vcc! ameeiii! suas express√µes imitando eles √© mto igual cara haah adoreiii rs!",False,True,False,True,False
"Tipo, o cara assiste esse comercial e o pinto j√° come√ßa a cair",False,True,False,True,False
"ele foi ver pra ter certeza absoluta q isso √© uma merda escrota pra caralho =), que era uma hist√≥ria de mulher (mulher nao menina) insegura, um tema que agrada somente pessoas virgens e crian√ßas =)",False,True,False,False,False
"meninas virgens e revoltadas que est√£o P. da vida, s√≥ tenho uma coisa a dizer: VOC√äS TEM PROBLEMINHA xD",False,True,False,False,False
kkkkk o pior √© ver pessoas tentando justificar as atitudes do gay do edward usando as teorias da nova versao vampiresca da ridicula da stephany USER..... USER,False,False,False,True,False
"S√≥ porque o USER tem uma orat√≥ria boa o pessoal aqui ta passando pano pra ele, porra nenhuma o USER ta errado, pegou mulher casada e pelo jeito que ele fala no video n√£o se arrepende e faria novamente, √© incrivel como basta a pessoa ter uma boa dic√ß√£o consegue manipular as pessoas distorcendo as coisas, faz as pessoas achar que o errado √© o certo, a famosa invers√£o de valores.",False,True,False,False,False
USER Jura que est√° cobrando futebol feminino kkkkkk Vc e debil√≥ide kkk,False,True,False,False,False
"N√£o √© poss√≠vel que alguem honestamente ache que o monark, um dos maiores defensores das liberdades individuais com voz relevante no debate p√∫blico defenda ideias totalitarias como do nazismo... Fico triste do flow perder uma de suas pe√ßas fundamentais... fico triste das pessoas no brasil serem t√£o mal intencionadas e maldosas... E fico ainda mais triste sabendo que a hipocrisia reina nesse pa√≠s de merda, onde defensores abertos e auto declarados de ditaduras censuras e repress√£o das liberdades individuais, s√≥ que de ESQUERDA, n√£o s√£o se quer tratados como extremistas, tendo ainda voz relevante no debate p√∫blico... Sinceramente, o USER n√£o tem solu√ß√£o, vai se afundar no mesmo buraco a que todos os pa√≠ses da am√©rica latina est√£o fadados.",False,False,True,False,False
"Na verdade eu USER vi muito gringo dizendo que o USER √© o pa√≠s do sexo facil, n√£o que o USER respeita o proximo",False,True,True,False,False
ap√≥s muita pesquisa cheguei a conclus√£o de que os xmen no mcu vai ser uma bosta por motivos de n√£o pode ter tens√£o sexual,False,True,False,False,False
"USER comercial. Levou o Botic√°rio, a perda de 15 clientes da minha fam√≠lia!!! Que mancada botic√°rio, instituiu fal√™ncia, se depender dos heteros!",False,False,False,True,False
"onde talarico quer fala de talaricagem, ond maconheiro se acha bandido, onde homof√≥bico come viado, onde piranha briga por homem dos outros, onde voc√™ faz A e o povo fala o abeced√°rio todo, onde um tenta ser melhor q o outro sendo q ningu√©m √© melhor q ningu√©m!!!!!!!!!!!!!!!!!!!!! URL",False,True,True,True,False
Vcs s√£o deplor√°veis üò≠ Respeite nossas crian√ßas. Respeite nossos ideais e nossos USER. Comercial deplor√°vel. Eles s√£o crian√ßas. Crian√ßas apenas. N√£o tem maturidade pra discernir sobre esses assuntos. Perdeu uma consumidora. Infelizmente üòû,False,False,False,True,False
Oh besteira..falta do que fazer..brasileiro faz qualquer coisa famosa.,False,False,True,False,False
"Nossa aqui nos coment√°rios v√°rias mulheres que ca√≠ram na l√°bia do cara KKK, se ele fizer um livro vou comprar pra mim pegar mulher USER.",False,True,False,False,False
"Queria deixar uma pergunta na mente dos homossexuais, em rela√ß√£o a falarem que homossexualismo √© gen√©tico. Por que nunca teve nenhum relato de um gay com s√≠ndrome de down? E j√° que e gen√©tico, voc√™s devem concordar que √© uma doen√ßa n√£o √© mesmo?",False,False,False,True,False
"Par todas as pessoas que querem boicotar o botic√°rio, aproita e sai da internet pq quem inventou √© gay",False,False,False,True,False
"USER USER Nossa, eu tenho √≥ooooodio de gente que namora e n√£o tem o @ do parceiro na bio do insta. Como a gente vai saber que tu t√° num relacionamento, bicho? O cara √© escroto duas vezes: Uma porque traiu e outra porque n√£o colocou o @ da mulher na bio.",False,True,False,False,False
"Dessa hist√≥ria toda, podemos tirar algumas conclus√µes: 1 - a mulher deu pq quis e √© uma tremenda vagaba; 2 - o morador de rua n√£o tem culpa de nada do que aconteceu e se deu muito bem; 3 - acho que a mais importante, o marido √© um tremendo man√© que n√£o dava conta do recado, e tamb√©m √© um tremendo corno manso que disse conhecer a mulher e confiar plenamente nela, sua testa n√£o ter√° mais lugar para tanto galho.",True,True,False,False,False
Eu gosto USER √© um romance fert√≠cio mas como obv√≠o existe sempre umas burras e otarios que querem se identificar com as personagens dos filmes e fazem com que o filme seja mal falado... mas enfim...,False,True,False,False,False
"Ta falando asneira, quanto marginal pobre mata trabalhador e sai dps de 10 anos s√≥?",True,False,False,False,False
a persegui√ß√£o desse velho broxa canalha filho da puta aos estabelecimentos noturnos do centro j√° deu... ai juntam-se o caqu√©tico com os porcos fardados e acabam com tudo,False,True,False,False,False
"Que insanos, parece at√© que todo meio de comunica√ß√£o quer impor esse tipo de pensamento na popula√ß√£o. Querem transformar um par em um casal. N√£o entendem que nunca o ser√£o. Um par ter√° sido sempre um par. Querem destruir a estrutura da fam√≠lia e for√ßar a barra. Muita falta de Deus e abuso das mentes inocentes das crian√ßas. Lavagem cerebral.",False,False,False,True,False
"ta na hora de faze um video sobre BRASILEIROS ot√°rio que ficam escrevendo em ingles, porque ?",True,False,True,False,False
"e ele t√° odiando a sua cor, fala o tempo todo que √© branco pq ‚Äúpreto‚Äù √© coisa de macaco, e partiu meu cora√ß√£o com ele falando isso e chorando a√≠ que √≥dio desses racistas",True,False,False,False,False
USER pq a passagem de marica pra niteroi t√° 16 conto!!!!!,False,False,False,True,False
"Religioso homof√≥bico √© um bicho estranho n√©. Fica disseminando homofobia, a√≠ do nada aparecem as not√≠cias na m√≠dia:""Pastor √© flagrado dando o c√∫ e chupando pica"" kkkkkkk √© sempre o mesmo desfecho com quem √© homof√≥bico assumido. Freud explica",False,False,False,True,False
USER De quem que eu t√¥ falando √© do Neguinho e do Folh√£o üíÉüèΩ,True,False,False,True,False
NADA CONTRA HOMOSSEXUAIS APENAS USER USER NO SEU QUADRADO E O MUNDO MELHOROU √â? KKKKKKKKKKKKK PREPARE-SE,False,False,False,True,False
"O boy: essa bunda tem fermento? Eu: do bom, po royal kkk O boy: eai mano, daq vamo pra onde ? Pra minha casa ne ? Contei pra amanda, e ela: vc vai da viadao ? Eu:sim amg, eu tava doida por um romance... ele √© meu brinde. Kkkkkkkkkkk",False,True,False,True,False
"USER Eu sou mais filho da puta do que todos os PETRALHAS, espuma de √≥dio Greg√≥rio Duvivier, o FASCISTA NAZISTA COMUNISTA PARASITA ESQUERDISTA Z√â RUELISTA, BUNDISTA CORNISTA na TL do P√°ssaro Vermelho!!! VTNC Z√â ""BUCETA""!!!",False,True,False,True,False
USER USER USER to pedindo pro gayzao tirar o block,False,False,False,True,False
USER para de chamar a bichinha de feia olha aquele sorriso,False,False,True,True,False
"USER de Oliveira USER n√£o gosta de gay, n√£o se case com um gay. simples. deixe as pessoas fazerem o que quiserem com suas vidas.",False,False,False,True,False
"hahaha : "" Maniaco do parque.. Por favor nao confiem em assassinos desconhecidos, ao contr√°rio do livro voc√™s v√£o acabar estupradas e mortas!"" Melhor parte.. ^^ :D",False,True,False,False,False
"Cruz credo, defender Hitler √© coisa de maluco.",True,False,False,False,False
"USER USERa boa USERem lembro o USERome do mlk. mais alguem comeUSERtou q √© justificada estoria pq √© um romaUSERce... E q o USER USER eUSERteUSERde pq USERuUSERca leu um romaUSERce USERuUSERca amo USERa vida. USERa boa eu j√° li varios romaUSERces e USER USER merd USER se eUSERcaixa USERa descri√ßao d um. Poesias for√ßados amor sem USERexo. ""Eu sou fasciUSERado pelo seu cheiro"" vai tomar USERo c√∫ USER tiUSERha USEReUSERhuma justificativa melhor E a USER do LobisomeUSER. At√© d√° pra eUSERteUSERder c muito esfor√ßo q o vampiro se viciou USERo cheiro do saUSERgeue da miUSERa. mas e a USER do Lob",False,False,False,True,False
"crep√∫sculo √© sim feito para garotinhos e garotinhas que n√£o sabem nada da vida, e quem se morde com esse v√≠deo √© porque √© uma dessas pessoas",False,True,False,False,False
"RT USER: S√£o feministas mais s√≥ querem gozzaar com homens? Voc√™s gostam mesmo √© de homem hipocritas, os jovens s√£o massa de ma‚Ä¶",False,True,False,False,False
"√â muita veadagem enrustida ficar putinho pq tem casal gay se amando no comercial, nosss que deus tenha d√≥ desses ""crentes""",True,False,False,True,False
Tenho muita pena pois brasileiro se vende por ilusoes pol√≠tico nenhum presta tudo bandido,False,False,True,False,False
Nossa o Lola j√° e uma bosta..agora com esse traveco cantando ficou pior ainda!!! URL,False,False,False,True,False
"soyboys e feministos s√£o uma bosta.√© √≥bvio que o passado de uma filha da puta √© da minha conta. em qualquer rela√ß√£o social e profissional.isso impacta diretamente na minha vida sim, sendo que a dep√≥sito de porra pode me arruinar, arruinar minha reputa√ß√£o e principalmente minhas finan√ßas de alguma forma ou de outra.j√° √© dif√≠cil confiar em algu√©m com um passado ""limpo"", ent√£o imagina confiar em algu√©m com um passado podre.o passado sempre volta, meus caros. lembrem-se destas palavras.",False,True,False,True,False
"USER USER O homem que se deitar com outro homem como se fosse uma mulher, ambos cometeram uma abomina√ß√£o, dever√£o morrer, e seu sangue cair√° sobre eles.",False,False,False,True,False
"kkkkkkkkkkkkkkkkkkkkk,USERooooooossaa vc e mito criativo poha eu ri muito mas acho que devia respeitar mas a escritora do livro, cara eu gosto muito de Crepusculo acho que ela fez um otimo livro, √©eh coUSERcordo com vc USER e muito gay mas o flime e muito legal √© someUSERte uma fic√ß√£o USERada de muita coisa mas eUSERfim vc e muito CRIATIVO...mas olha vc USER precisa quase morrer para faser uma POHA de um comeUSERtaria USEReh Caralhooo.",False,False,False,True,False
"Ningu√©m √© obrigado a gostar de ou apoiar isso,as pessoas est√£o ficando bitoladas,√© proibido falar da sexualidade,de cor das pessoas,que isso,n√£o se tem mais o direito de opinar?ningu√©m √© obrigado a gostar de ver mulher com mulher ou homem com homem,USER,n√£o gostam e pronto, ....",False,False,False,True,False
"USER S√ÉO USER USER! Voc√™s que ficam politizando e criando teorias mirabolantes sobre o filme comercial do perfume. USER √â: - Milit√¢ncia USER - N√£o √© uma conspira√ß√£o para destruir a fam√≠lia tradicional. Voc√™s, que polarizaram e criaram uma guerra virtual, s√£o muito chatos e talvez at√© ing√™nuos. O QUE √â: Uma empresa querendo VENDER! S√≥! Ela n√£o quer amar os gays, n√£o quer amar os h√©teros. √â neg√≥cio! √â venda! N√£o quer destruir sua fam√≠lia nem ir com voc√™ para a parada gay"" Era pra gerar buzz, era pra agradar um ""consumidor em potencial"" que costuma ser muito fiel √†s marcas. Agradou quem queria agradar e gerou um ""putcha"" buzz! NOTA 10 para ag√™ncia envolvida. Nota 0 para os gayzistas e tamb√©m para o ""outro lado"": os malafaistas!",False,False,False,True,False
"USER O povo achava que em 07 de setembro, tudo se resolveria como um conto de fadas. Povinho ing√™nuo e ignorante √© fod@!!!",False,False,True,False,False
"Sou evang√©lico a anos e vou continuar sendo , sei que Deus criou , homem e mulher e que √© errado homem gostar de homem.... Mas s√≥ pe√ßo a Deus que aben√ßoe , todos vcs que est√£o com √≥dio dos gays e passando o √≥dio aos outros ( obs: n√£o sou gay )",False,False,False,True,False
"So pra lembrar se seus pais fossem gays, USER √± teriam nascidos.",False,False,False,True,False
"Tenho uma triste not√≠cia para os LGTVS, se falar esse tipo de coisa n desse lucro as empresas estariam c**ando pra vcs",False,False,False,True,False
N√£o sei quem √© pior: a gay trouxa ou a gay interesseira ü§° USER URL,False,False,False,True,False
"√ì eu respeito a comunidade LGBT+s mais usar crian√ßas pra isso,ai √© idiotice, deixa a crian√ßa crescer pra ela ver o que, deixa ela descobrir sozinha,eu ei",False,False,False,True,False
USER E quem disse q ele n√£o far√° o q tiver q fazer? Pq desse seu pressuposto? Q elementos vc tem p essa afirmativa? Vc o julga como sendo alinhado a atitudes de pilantras e ladr√µes condenados e soltos? Vc v√™ semelhan√ßas entre ele e figuras asquerosas como a do Lula ?,False,True,False,False,False
Da mesma turma da boca rosa! E outras patricinhas mimadas,False,True,False,False,False
aff homem com mulher e mulher com homem ponto final cacete,False,False,False,True,False
Tudo indiota brasileiro √© burro demais,False,False,True,False,False
"USER BUTICARIO, n√£o venha USER tamb√©m impor homossexualismo na podre sociedade brasileira, j√° basta o nojento do deputado e a maldita USER USER que n√£o assisto desde 2001, mas um USER USER vc v√£o levar",False,False,False,True,False
>>62237>chamo outro an√£o de samefag>vai l√° quotaral√©m de burro √© judeu.,False,False,True,False,False
USER KKKKKKKKKKKKKKKKK sai fora continuo odiandi gay lesbica sapatao,False,False,False,True,False
"P√©ssimo!!!! N√£o s√≥ o lanche de vcs!!! Procurem contribuir de outra forma, com o modo que uma crian√ßa deve ter do mundo, posso garantir pra vcs, que a √∫ltima coisa que uma crian√ßa quer, √© ficar se preocupando com gays e l√©sbicas e etc...",False,False,False,True,False
"N√£o estou chocada pois conheci uma mulher de um m√©dico da marinha que vivia viajando e ela transava com qualquer um!!! Encanador, jardineiro, era tipo deu sopa eu como. S√£o ninfoman√≠acas.",False,True,False,False,False
"Concordo100% HAHAHAHA USER a mulher fica inventando vampiro apaixonado que brilha no sol, isso √© via(da)gem demais. Agora as adolescentes virgens bobinhas ficam achando que gostam de vampiros ! Ser vampiro na historia √© quase irrelevante e dispens√°vel.",False,True,False,True,False
USER USER Brasileiro √© escroto demais,False,False,True,False,False
Mas que palha√ßada e esta do Burger USER que tem a ver hamb√∫rguer com lgbt.e uma vergonha e principalmente com crian√ßas !!!Quem fiz esta vergonha devia ser metido na rua.E uma vergonha,False,False,False,True,False
"USER USER √â isso mesmo. Tava demorando pra aparecer esses machos escrotos e racistas, esse a√≠ t√° querendo biscoito. coitado! T√° com d√≥ do Biel leva pra casa.",False,True,False,False,False
"Todo dia sai uma puta e um tarado pelas ruas, um dia eles se encontram.",False,True,False,False,False
"O USER √© gay e enrustido, e deve sentir tes√£o pelo USER que tamb√©m √© enrustido, que faz charme pra ele. Eu acho que a bela ao final do filme fica sozinha, e e o USER e o USER casam. Ai sim felipe, ela vai ser uma virgem frustrada que nem as que garotinhas mongoloides que assistem crep√∫sculo quando chegarem aos 40.",False,True,False,True,False
Meus amigos da facul t√° td gayzao hj sifude Hahdshshsh,False,False,False,True,False
Odeio amanhecer com putas e veado e chega o h√©tero com dinheiro que paga tudo e escolhe a m√∫sica. Toda hora fico desmaiando,False,True,False,True,False
por que s√≥ a USER e o USER t√™m obriga√ß√£o de reclamar c os pe√µs mal educados? por que a USER ou a USER ou um macho qualquer n√£o chama os omissos √† responsabilidade? todos tiram de bonzinhos p n√£o ir p ro√ßa! covardes! por que o USER n√£o mostrou os adjetivos q o USER deu p cada um dos participantes ? fiquei esperando p ver a rea√ß√£o dos pe√µes e nada !,False,True,False,False,False
"USER USER os pais dessas crian√ßas j√° s√£o gays, isso USER afeta a mente de uma crian√ßa para se tornar lgbt+",False,False,False,True,False
"RT USER: USER cabeludinho √© uma ra√ßa maldita, espero que tomem bala perdida sem querer",True,False,False,False,False
Da mesma forma q eu enfio o pau em algumas pessoas (mulheres) e outras n√£o (homens). Chama-se: escolha pessoal e vt _ URL,False,True,False,True,False
"USER nao repaararam na bella? se USER gostam de garotas inteligentes olhem para ela uai nao pro gay do edward, ela √© altruista, responsavel meio timida e muito inteligente. gosto do jeito dela.fico feliz por ter alguem assim do meu lado.. no meu colegio USER vejo putas se maquiando e tentando ser goxtosas...",False,True,False,True,False
homem eh um bicho mt estranho,False,True,False,False,False
"'trabalhando gra√ßas ao feminismo' RH decide: - vou escolher a mulher pq mesmo ela nao concluindo a faculdade, ela cagou na foto do bolsonaro",False,True,False,False,False
"Quer dizer que, se algu√©m der deslike nesse v√≠deo, essa pessoa √© homof√≥bica? Ativistas gays, voc√™s s√£o doentes mesmo.",False,False,False,True,False
"Gente mas est√£o fazendo o que aqui ent√£o ? Destilando s√≥ o preconceito ? USER ? Se n√£o gostam de homossexuais , se n√£o querem que eles apare√ßam em campanhas ao menos ignorem. Mostrem um minimo de educa√ß√£o digital , pelo menos. As pessoas vem aqui denegrir uma campanha que s√≥ tem praticamente familias LGBT com seus filhos dando depoimentos e aparecem gente indgnada por seus preconceitos! Se d√° o trabalho de destilar o preconceito. USER! Povo atrasado do Krlho!",False,False,False,True,False
agora que eu t√¥ sozinho nesse mal caminho cheio de piranha querendo me dar,False,True,False,False,False
Ainda bem que gay n√£o se reproduz..,False,False,False,True,False
"HSUAHSUASH' Cara eu sou sua f√£. Voc√™ falou tudo nesse v√≠deo sobre Crep√∫sculo USER N√£o liga para essas meninas que est√£o te criticando n√£o, porque elas v√£o acabar morrendo gordas, sozinhas, virgens,cheias de posters de crep√∫sculo colados na parede e fedendo ;x hahaha' USER",False,True,False,False,False
"Isso apenas e o reflexo dos ""cidadaos"" brasileiro oo ra√ßa ruim . pra si dar geito nesse pais so uma bomba atomica pra matar tds (incluindo a min) e repovoar cm outros povos prq USER e tudo uma desgra√ßa s√≥.",False,False,True,False,False
Puta que pario esse cara √© um G√™nio USER..√â como √© possivel uma mulher se paixonar por um filmes desses que coisa mais tosca valeu cara por essa sabia opni√£o sobre o filme e foda se as meninas que virem aqui detonar o video como vc disse devem ser virgens ou virgens de pensamento!!!,False,True,False,False,False
"USER Lutarei toda a minha vida contra todo tipo de preconceitos seja qual for, menos por esse brancos nojentos essa ra√ßa maldita tem q acabar!",True,False,False,False,False
"Muito bom USER USER, concordo com o que vc disse, vampiros e lobisomens foram popularizados,se tornaram POP, pra vender livros e filmes! Que porcaria, as garotinhas deviam ler um livro e procurar conte√∫do s√©rio e n√£o perder tempo com essas coisas f√∫teis.",False,True,False,False,False
pooode crer USER nao existe vampiro e crepusculo poh o que essas menina tem na cabe√ßa sao tudo retardada rsrsrsrsrs,False,True,False,False,False
"Progredir de regime, √© piada neh o √∫nico progresso que eles merecem e o caminho pra pena de morte. USER nojo desse pa√≠s de merda que deixa essa imund√≠cias sai! E mais nojo ainda de escutar esses advogados falando, pena de morte, olha a√≠ sorrindo na rua sendo feliz e a crian√ßa cad√™!?",False,False,True,False,False
"USER USER os falsos nacionalistas se apropriaram da bandeira, mas gostam de babar um ovo de americano.",False,False,True,False,False
"a sa√≠da do monark s√≥ mostra q eles n√£o cumpriram com a ideia do Flow de poder expressar as ideias sem consequ√™ncias, mostrando q no fim tem uma galera pro traz q toma as decis√£o a da empresa e mostrando o qu√£o mercen√°rios eles s√£o, expulsando uma das almas do programa pra manter a grana vindo por causa de propaganda, n√≥s estamos em 2022 e essa merda de nazismo ainda √© tabu por culpa da judeuzada bandida q ganho a vida com essa merda de segunda guerra mundial se passando de coitados, o programa com certeza j√° era sem o monark, o que fazia isso funcionar era essa dupla s√≥ o Igor n√£o vinga",False,False,True,False,False
"USER USER ""Ficar√£o de fora os c√£es e os feiticeiros, e os que se prostituem, e os homicidas, e os id√≥latras, e qualquer que ama e comete a mentira."" USER USER - Onde se fala de Homossexuais?",False,False,False,True,False
O casal l√©sbico est√° muito feminino. N√£o est√° convincente.,False,False,False,True,False
"Se defendemos a uni√£o homossexual com o pressuposto de que ""toda forma de amor"" √© aceit√°vel, ent√£o ser√° aceit√°vel a bestialidade e a pedofilia e o incesto!",False,False,False,True,False
USER Eles sabem das rachadinhas da fam√≠licidia kkkkkk al√©m de ladr√µes s√£o burros de pai para filhos. Suas horas v√£o chegar!,False,True,False,False,False
